iter	Passed	Remaining
0	96	96659
1	134	67148
2	173	57661
3	212	52958
4	258	51349
5	287	47654
6	325	46201
7	362	44993
8	406	44750
9	445	44086
10	484	43578
11	531	43769
12	566	43032
13	602	42401
14	642	42220
15	680	41877
16	719	41632
17	757	41315
18	795	41082
19	838	41075
20	880	41046
21	925	41143
22	965	41011
23	1006	40939224	1052	41051225	1094	41006226	1132	40823227	1172	40711228	1212	40581229	1277	41299330	1329	41544331	1366	41341332	1401	41081333	1440	40931334	1480	40812335	1520	40726336	1559	40585337	1596	40425338	1631	40200339	1675	40218440	1718	40192441	1761	40186442	1796	39974443	1839	39961444	1877	39849445	1912	39666446	1943	39402447	1983	39340448	2021	39243449	2059	39125550	2092	38936551	2129	38828552	2165	38690553	2201	38560554	2237	38452
55	2276	38373556	2314	38282
57	2347	38128
58	2384	38030
59	2416	37865
60	2458	37847
61	2494	37736
62	2529	37613
63	2567	37547
64	2607	37502
65	2644	37417
66	2683	37366
67	2724	37348
68	2759	37233
69	2792	37094
70	2828	37011
71	2862	36890
72	2893	36737
73	2927	36631
74	2965	36571
75	2997	36442
76	3030	36330
77	3058	36152
78	3087	35996
79	3128	35982
80	3164	35898
81	3199	35814
82	3232	35713
83	3280	35769
84	3313	35665
85	3345	35560
86	3377	35448
87	3412	35364
88	3446	35275
89	3484	35232
90	3521	35175
91	3558	35117
92	3593	35044
93	3629	34979
94	3668	34944
95	3702	34863
96	3741	34827
97	3776	34762
98	3814	34717
99	3850	34650
100	3879	34534
101	3915	34475
102	3950	34400
103	3981	34298
104	4012	34199
105	4044	34110
106	4077	34029
107	4109	33939
108	4148	33911
109	4186	33876
110	4223	33822
111	4253	33722
112	4288	33664
113	4321	33586
114	4356	33525
115	4389	33451
116	4424	33394
117	4461	33347
118	4498	33300
119	4540	33299
120	4574	33233
121	4612	33197
122	4645	33121
123	4679	33057
124	4710	32976
125	4743	32903
126	4778	32848
127	4816	32810
128	4848	32737
129	4881	32668
130	4912	32585
131	4947	32530
132	4981	32473
133	5021	32453
134	5055	32392
135	5087	32320
136	5117	32233
137	5154	32196
138	5183	32109
139	5217	32047
140	5250	31987
141	5284	31928
142	5316	31859
143	5347	31786
144	5382	31737
145	5413	31662
146	5445	31600
147	5484	31570
148	5526	31565
149	5564	31534
150	5600	31488
151	5632	31424
152	5667	31373
153	5700	31316
154	5732	31251
155	5766	31197
156	5799	31140
157	5836	31103
158	5867	31037
159	5906	31011
160	5946	30987
161	5978	30926
162	6014	30884
163	6048	30832
164	6079	30765
165	6111	30706
166	6149	30674
167	6182	30617
168	6211	30542
169	6250	30516
170	6283	30464
171	6319	30424
172	6353	30370
173	6385	30313
174	6424	30288
175	6455	30225
176	6488	30171
177	6521	30117
178	6551	30050
179	6586	30005
180	6617	29942
181	6652	29900
182	6684	29844
183	6715	29782
184	6747	29727
185	6784	29691
186	6815	29629
187	6850	29590
188	6884	29540
189	6916	29485
190	6948	29431
191	6982	29385
192	7017	29341
193	7049	29286
194	7083	29241
195	7117	29197
196	7153	29159
197	7187	29113
198	7218	29053
199	7251	29007
200	7282	28948
201	7316	28902
202	7346	28844
203	7382	28805
204	7414	28754
205	7448	28709
206	7478	28650
207	7509	28592
208	7542	28544
209	7573	28491
210	7602	28429
211	7635	28379
212	7669	28337
213	7703	28292
214	7746	28284
215	7805	28330
216	7850	28328
217	7887	28293
218	7920	28247
219	7955	28204
220	7993	28175
221	8042	28183
222	8087	28180
223	8118	28123
224	8151	28077
225	8191	28053
226	8225	28009
227	8259	27967
228	8295	27928
229	8330	27888
230	8365	27849
231	8404	27821
232	8435	27769
233	8467	27718
234	8503	27680
235	8531	27619
236	8567	27582
237	8601	27539
238	8634	27491
239	8663	27433
240	8694	27381
241	8729	27341
242	8766	27308
243	8803	27275
244	8842	27250
245	8879	27214
246	8917	27186
247	8954	27150
248	8991	27120
249	9027	27081
250	9066	27056
251	9121	27075
252	9154	27030
253	9188	26986
254	9229	26966
255	9264	26925
256	9301	26891
257	9336	26852
258	9373	26817
259	9411	26786
260	9448	26751
261	9480	26705
262	9515	26663
263	9547	26616
264	9581	26575
265	9614	26531
266	9652	26498
267	9686	26458
268	9718	26409
269	9757	26380
270	9794	26348
271	9823	26293
272	9854	26241
273	9885	26193
274	9919	26151
275	9951	26104
276	9985	26064
277	10022	26030
278	10054	25983
279	10088	25942
280	10120	25896
281	10155	25856
282	10187	25810
283	10228	25786
284	10261	25743
285	10301	25716
286	10332	25669
287	10366	25629
288	10401	25590
289	10433	25543
290	10466	25499
291	10513	25491
292	10554	25468
293	10595	25443
294	10625	25393
295	10660	25353
296	10692	25310
297	10724	25263
298	10756	25219
299	10791	25179
300	10823	25134
301	10856	25092
302	10891	25054
303	10922	25007
304	10954	24961
305	10988	24921
306	11017	24871
307	11052	24832
308	11086	24791
309	11122	24757
310	11152	24708
311	11182	24657
312	11214	24613
313	11253	24585
314	11286	24544
315	11321	24505
316	11353	24461
317	11390	24429
318	11431	24404
319	11466	24365
320	11502	24330
321	11534	24287
322	11568	24247
323	11599	24200
324	11639	24175
325	11672	24132
326	11709	24098
327	11739	24051
328	11774	24013
329	11808	23975
330	11841	23934
331	11872	23889
332	11906	23848
333	11937	23804
334	11968	23759
335	12001	23718
336	12031	23670
337	12065	23631
338	12097	23588
339	12131	23549
340	12162	23503
341	12192	23457
342	12221	23409
343	12252	23364
344	12284	23322
345	12320	23287
346	12352	23246
347	12384	23204
348	12416	23161
349	12450	23123
350	12479	23074
351	12511	23032
352	12547	22997
353	12578	22953
354	12619	22928
355	12652	22888
356	12685	22848
357	12719	22809
358	12750	22766
359	12780	22720
360	12810	22675
361	12843	22636
362	12879	22600
363	12913	22563
364	12953	22535
365	12985	22493
366	13019	22455
367	13051	22413
368	13084	22375
369	13121	22341
370	13154	22303
371	13192	22271
372	13226	22233
373	13258	22192
374	13292	22153
375	13329	22121
376	13367	22089
377	13398	22047
378	13432	22008
379	13465	21970
380	13499	21931
381	13536	21899
382	13568	21858
383	13601	21819
384	13633	21777
385	13667	21740
386	13696	21695
387	13731	21658
388	13765	21621
389	13798	21582
390	13835	21549
391	13867	21509
392	13900	21469
393	13936	21434
394	13971	21398
395	14001	21355
396	14035	21318
397	14068	21279
398	14101	21240
399	14135	21203
400	14167	21162
401	14199	21122
402	14233	21085
403	14267	21047
404	14301	21010
405	14332	20969
406	14365	20931
407	14397	20890
408	14434	20857
409	14472	20826
410	14504	20786
411	14540	20752
412	14576	20717
413	14608	20678
414	14638	20635
415	14672	20598
416	14710	20566
417	14745	20530
418	14783	20498
419	14818	20464
420	14851	20424
421	14883	20385
422	14917	20347
423	14954	20315
424	14998	20291
425	15031	20254
426	15071	20225
427	15110	20194
428	15142	20155
429	15187	20132
430	15221	20095
431	15259	20063
432	15295	20028
433	15331	19994
434	15367	19959
435	15397	19918
436	15433	19882
437	15467	19846
438	15502	19810
439	15539	19777
440	15578	19746
441	15614	19711
442	15647	19673
443	15681	19636
444	15712	19596
445	15748	19561
446	15779	19521
447	15815	19487
448	15852	19453
449	15889	19420
450	15924	19384
451	15957	19346
452	15992	19311
453	16026	19273
454	16054	19229
455	16095	19201
456	16130	19166
457	16164	19128
458	16198	19091
459	16231	19054
460	16265	19018
461	16302	18984
462	16334	18944
463	16373	18914
464	16406	18875
465	16435	18834
466	16467	18794
467	16502	18759
468	16531	18716
469	16564	18679
470	16598	18642
471	16630	18603
472	16665	18568
473	16697	18529
474	16730	18492
475	16765	18456
476	16801	18422
477	16836	18386
478	16870	18349
479	16905	18314
480	16947	18285
481	16980	18248
482	17013	18211
483	17047	18175
484	17086	18143
485	17120	18106
486	17156	18072
487	17190	18035
488	17225	18000
489	17260	17964
490	17294	17928
491	17327	17891
492	17366	17859
493	17401	17824
494	17433	17786
495	17465	17746
496	17499	17710
497	17536	17677
498	17570	17640
499	17603	17603
500	17643	17573
501	17674	17533
502	17708	17497
503	17741	17460
504	17778	17426
505	17813	17391
506	17851	17358
507	17891	17327
508	17929	17295
509	17964	17259
510	17999	17224
511	18036	17191
512	18072	17156
513	18104	17118
514	18137	17081
515	18172	17045
516	18206	17009
517	18239	16971
518	18273	16935
519	18308	16900
520	18343	16864
521	18376	16827
522	18409	16790
523	18442	16753
524	18476	16716
525	18509	16679
526	18542	16642
527	18579	16609
528	18614	16573
529	18646	16535
530	18684	16502
531	18716	16465
532	18749	16427
533	18782	16390
534	18819	16357
535	18854	16321
536	18884	16282
537	18915	16243
538	18955	16212
539	18994	16180
540	19031	16146
541	19071	16115
542	19105	16079
543	19138	16042
544	19179	16012
545	19215	15977
546	19252	15943
547	19286	15907
548	19322	15873
549	19353	15834
550	19385	15797
551	19421	15762
552	19452	15723
553	19486	15687
554	19518	15650
555	19552	15613
556	19584	15576
557	19622	15543
558	19654	15505
559	19684	15466
560	19716	15428
561	19751	15393
562	19784	15356
563	19815	15318
564	19844	15278
565	19879	15243
566	19914	15208
567	19948	15172
568	19982	15135
569	20016	15100
570	20046	15061
571	20079	15024
572	20106	14983
573	20139	14946
574	20175	14912
575	20209	14876
576	20248	14844
577	20282	14808
578	20337	14787
579	20371	14751
580	20410	14719
581	20441	14681
582	20471	14642
583	20504	14606
584	20537	14569
585	20573	14535
586	20608	14500
587	20643	14464
588	20676	14427
589	20713	14394
590	20749	14359
591	20782	14323
592	20814	14286
593	20847	14249
594	20874	14208
595	20908	14172
596	20943	14137
597	20975	14100
598	21006	14062
599	21038	14025
600	21076	13992
601	21109	13956
602	21145	13921
603	21187	13890
604	21219	13854
605	21251	13817
606	21286	13782
607	21319	13745
608	21352	13709
609	21388	13674
610	21425	13640
611	21458	13604
612	21494	13570
613	21527	13533
614	21557	13495
615	21591	13459
616	21625	13423
617	21659	13388
618	21696	13354
619	21729	13317
620	21769	13285
621	21804	13250
622	21836	13214
623	21872	13179
624	21915	13149
625	21952	13115
626	21985	13078
627	22018	13042
628	22052	13007
629	22097	12977
630	22129	12941
631	22163	12905
632	22195	12868
633	22228	12832
634	22259	12794
635	22291	12757
636	22324	12721
637	22360	12687
638	22389	12649
639	22419	12611
640	22453	12575
641	22479	12535
642	22512	12499
643	22555	12468
644	22593	12435
645	22631	12401
646	22667	12367
647	22703	12332
648	22735	12296
649	22775	12263
650	22824	12236
651	22856	12199
652	22889	12163
653	22924	12128
654	22959	12092
655	22990	12056
656	23025	12021
657	23058	11984
658	23096	11951
659	23130	11915
660	23159	11877
661	23193	11842
662	23222	11803
663	23256	11768
664	23291	11733
665	23325	11697
666	23354	11659
667	23386	11623
668	23423	11589
669	23461	11555
670	23494	11519
671	23527	11483
672	23559	11447
673	23592	11411
674	23625	11375
675	23668	11344
676	23702	11308
677	23736	11273
678	23773	11238
679	23806	11203
680	23839	11166
681	23873	11131
682	23910	11097
683	23948	11063
684	23985	11029
685	24019	10994
686	24051	10958
687	24088	10923
688	24122	10888
689	24153	10851
690	24186	10815
691	24218	10779
692	24258	10746
693	24290	10710
694	24325	10675
695	24362	10640
696	24401	10607
697	24430	10570
698	24466	10535
699	24500	10500
700	24534	10464
701	24567	10428
702	24597	10391
703	24631	10356
704	24669	10322
705	24707	10288
706	24744	10254
707	24772	10217
708	24808	10182
709	24844	10147
710	24877	10111
711	24909	10075
712	24940	10039
713	24971	10002
714	25007	9967
715	25039	9931
716	25069	9895
717	25105	9860
718	25137	9824
719	25179	9791
720	25214	9756
721	25279	9733
722	25318	9700
723	25352	9664
724	25391	9631
725	25430	9597
726	25463	9561
727	25496	9526
728	25528	9490
729	25560	9453
730	25597	9419
731	25634	9385
732	25668	9349
733	25705	9315
734	25741	9281
735	25778	9246
736	25816	9212
737	25850	9177
738	25890	9144
739	25923	9108
740	25957	9072
741	25994	9038
742	26029	9003
743	26061	8967
744	26101	8933
745	26131	8897
746	26166	8862
747	26204	8828
748	26240	8793
749	26274	8758
750	26309	8723
751	26343	8687
752	26380	8653
753	26413	8617
754	26444	8581
755	26475	8544
756	26511	8510
757	26544	8474
758	26581	8440
759	26615	8404
760	26649	8369
761	26685	8334
762	26716	8298
763	26750	8263
764	26779	8226
765	26809	8189
766	26841	8154
767	26875	8118
768	26906	8082
769	26944	8048
770	26977	8012
771	27010	7977
772	27040	7940
773	27076	7905
774	27111	7871
775	27145	7835
776	27177	7799
777	27207	7763
778	27244	7729
779	27278	7693
780	27315	7659
781	27348	7624
782	27386	7589
783	27419	7554
784	27454	7519
785	27493	7485
786	27526	7449
787	27561	7415
788	27602	7381
789	27637	7346
790	27673	7311
791	27711	7277
792	27746	7242
793	27788	7209
794	27823	7174
795	27857	7139
796	27887	7103
797	27919	7067
798	27953	7032
799	27991	6997
800	28028	6963
801	28066	6929
802	28103	6894
803	28139	6859
804	28171	6824
805	28206	6789
806	28240	6754
807	28282	6720
808	28318	6685
809	28348	6649
810	28379	6613
811	28416	6579
812	28459	6546
813	28496	6511
814	28534	6477
815	28572	6442
816	28607	6407
817	28638	6371
818	28673	6336
819	28704	6300
820	28736	6265
821	28770	6230
822	28805	6195
823	28838	6159
824	28871	6124
825	28915	6091
826	28948	6055
827	28982	6020
828	29014	5984
829	29046	5949
830	29080	5914
831	29114	5878
832	29157	5845
833	29190	5810
834	29233	5776
835	29275	5743
836	29315	5708
837	29347	5673
838	29388	5639
839	29423	5604
840	29454	5568
841	29490	5533
842	29547	5502
843	29580	5467
844	29613	5432
845	29669	5400
846	29703	5365
847	29737	5330
848	29769	5294
849	29807	5260
850	29838	5224
851	29867	5188
852	29900	5152
853	29940	5118
854	29977	5083
855	30007	5047
856	30039	5012
857	30072	4977
858	30111	4942
859	30145	4907
860	30179	4872
861	30211	4836
862	30244	4801
863	30280	4766
864	30316	4731
865	30352	4696
866	30385	4661
867	30421	4626
868	30459	4591
869	30494	4556
870	30537	4522
871	30570	4487
872	30609	4452
873	30643	4417
874	30683	4383
875	30717	4348
876	30750	4312
877	30783	4277
878	30816	4242
879	30845	4206
880	30876	4170
881	30911	4135
882	30943	4100
883	30983	4065
884	31022	4031
885	31059	3996
886	31092	3961
887	31126	3925
888	31156	3890
889	31194	3855
890	31227	3820
891	31258	3784
892	31294	3749
893	31332	3714
894	31363	3679
895	31397	3644
896	31431	3609
897	31464	3573
898	31496	3538
899	31531	3503
900	31566	3468
901	31601	3433
902	31631	3397
903	31665	3362
904	31698	3327
905	31731	3292
906	31763	3256
907	31798	3221
908	31831	3186
909	31862	3151
910	31901	3116
911	31939	3081
912	31976	3047
913	32012	3012
914	32049	2977
915	32080	2941
916	32117	2907
917	32149	2871
918	32184	2836
919	32223	2802
920	32260	2767
921	32306	2733
922	32345	2698
923	32387	2663
924	32434	2629
925	32475	2595
926	32512	2560
927	32556	2525
928	32589	2490
929	32624	2455
930	32661	2420
931	32695	2385
932	32727	2350
933	32776	2316
934	32813	2281
935	32843	2245
936	32871	2210
937	32909	2175
938	32952	2140
939	32987	2105
940	33025	2070
941	33059	2035
942	33096	2000
943	33137	1965
944	33172	1930
945	33206	1895
946	33236	1860
947	33273	1825
948	33310	1790
949	33345	1755
950	33382	1720
951	33414	1684
952	33443	1649
953	33485	1614
954	33526	1579
955	33565	1544
956	33599	1509
957	33631	1474
958	33670	1439
959	33697	1404
960	33720	1368
961	33746	1333
962	33770	1297
963	33795	1262
964	33821	1226
965	33847	1191
966	33874	1155
967	33898	1120
968	33922	1085
969	33947	1049
970	33971	1014
971	33996	979
972	34022	944
973	34043	908
974	34065	873
975	34087	838
976	34109	802
977	34129	767
978	34155	732
979	34177	697
980	34197	662
981	34218	627
982	34237	592
983	34256	557
984	34276	521
985	34295	486
986	34314	451
987	34334	417
988	34354	382
989	34372	347
990	34390	312
991	34409	277
992	34428	242
993	34446	207
994	34464	173
995	34485	138
996	34506	103
997	34524	69
998	34544	34
999	34563	0
